{
  "features": {
    "destination_register1": {
      "count": 200,
      "max": 82.0,
      "mean": 25.71,
      "min": 0.0,
      "percentiles": {
        "0": 0.0,
        "1": 0.0,
        "100": 82.0,
        "25": 9.0,
        "5": 0.0,
        "50": 25.0,
        "75": 47.0,
        "95": 56.0,
        "99": 73.05999999999995
      },
      "std": 20.652503480207912,
      "top_values": [
        [
          0.0,
          34
        ],
        [
          26.0,
          30
        ],
        [
          25.0,
          27
        ],
        [
          56.0,
          21
        ],
        [
          10.0,
          13
        ],
        [
          47.0,
          8
        ],
        [
          9.0,
          7
        ],
        [
          55.0,
          7
        ],
        [
          8.0,
          5
        ],
        [
          17.0,
          4
        ],
        [
          16.0,
          4
        ],
        [
          49.0,
          3
        ],
        [
          73.0,
          3
        ],
        [
          53.0,
          3
        ],
        [
          3.0,
          3
        ],
        [
          12.0,
          3
        ],
        [
          30.0,
          3
        ],
        [
          18.0,
          3
        ],
        [
          54.0,
          3
        ],
        [
          27.0,
          3
        ]
      ],
      "unique": 30,
      "zero_fraction": 0.17
    },
    "memory_address": {
      "count": 200,
      "max": 140729832893376.0,
      "mean": 40108010420541.44,
      "min": 0.0,
      "percentiles": {
        "0": 0.0,
        "1": 0.0,
        "100": 140729832893376.0,
        "25": 0.0,
        "5": 0.0,
        "50": 0.0,
        "75": 140729832892512.0,
        "95": 140729832892763.2,
        "99": 140729832892964.08
      },
      "std": 63527474150289.37,
      "top_values": [
        [
          0.0,
          116
        ],
        [
          140729832892552.0,
          4
        ],
        [
          140729832892520.0,
          4
        ],
        [
          140729832892504.0,
          4
        ],
        [
          140729832892664.0,
          4
        ],
        [
          140729832892560.0,
          3
        ],
        [
          140729832892512.0,
          3
        ],
        [
          140729832892568.0,
          3
        ],
        [
          140729832892728.0,
          2
        ],
        [
          140729832892608.0,
          2
        ],
        [
          140729832892548.0,
          2
        ],
        [
          140729832892672.0,
          2
        ],
        [
          140729832892472.0,
          2
        ],
        [
          196617948.0,
          2
        ],
        [
          140729832892888.0,
          2
        ],
        [
          140729832892824.0,
          2
        ],
        [
          140729832892760.0,
          2
        ],
        [
          140729832892736.0,
          1
        ],
        [
          140729832892648.0,
          1
        ],
        [
          140729832892680.0,
          1
        ]
      ],
      "unique": 58,
      "zero_fraction": 0.58
    },
    "opcode": {
      "count": 200,
      "max": 9.0,
      "mean": 1.43,
      "min": 0.0,
      "percentiles": {
        "0": 0.0,
        "1": 0.0,
        "100": 9.0,
        "25": 0.0,
        "5": 0.0,
        "50": 1.0,
        "75": 2.0,
        "95": 6.0,
        "99": 6.009999999999991
      },
      "std": 1.9962715246178309,
      "top_values": [
        [
          0.0,
          91
        ],
        [
          1.0,
          45
        ],
        [
          2.0,
          34
        ],
        [
          6.0,
          21
        ],
        [
          4.0,
          4
        ],
        [
          5.0,
          3
        ],
        [
          9.0,
          1
        ],
        [
          7.0,
          1
        ]
      ],
      "unique": 8,
      "zero_fraction": 0.455
    },
    "pc": {
      "count": 200,
      "max": 5287996.0,
      "mean": 5020324.59,
      "min": 4995311.0,
      "percentiles": {
        "0": 4995311.0,
        "1": 4995315.98,
        "100": 5287996.0,
        "25": 4995610.5,
        "5": 4995349.75,
        "50": 5003217.0,
        "75": 5003538.25,
        "95": 5287931.2,
        "99": 5287988.05
      },
      "std": 73540.78626749852,
      "top_values": [
        [
          4995612.0,
          2
        ],
        [
          4995622.0,
          2
        ],
        [
          4995617.0,
          2
        ],
        [
          4995632.0,
          2
        ],
        [
          4995630.0,
          2
        ],
        [
          4995634.0,
          2
        ],
        [
          4995625.0,
          2
        ],
        [
          4995603.0,
          2
        ],
        [
          4995606.0,
          2
        ],
        [
          5287993.0,
          1
        ],
        [
          5287996.0,
          1
        ],
        [
          5287986.0,
          1
        ],
        [
          5287984.0,
          1
        ],
        [
          5287982.0,
          1
        ],
        [
          5287988.0,
          1
        ],
        [
          5015393.0,
          1
        ],
        [
          5015389.0,
          1
        ],
        [
          5015384.0,
          1
        ],
        [
          5004023.0,
          1
        ],
        [
          5004018.0,
          1
        ]
      ],
      "unique": 191,
      "zero_fraction": 0.0
    },
    "source_register1": {
      "count": 200,
      "max": 82.0,
      "mean": 18.34,
      "min": 0.0,
      "percentiles": {
        "0": 0.0,
        "1": 0.0,
        "100": 82.0,
        "25": 6.0,
        "5": 0.0,
        "50": 12.0,
        "75": 26.0,
        "95": 55.04999999999998,
        "99": 73.05999999999995
      },
      "std": 17.62907825157061,
      "top_values": [
        [
          6.0,
          54
        ],
        [
          26.0,
          26
        ],
        [
          0.0,
          17
        ],
        [
          14.0,
          12
        ],
        [
          13.0,
          10
        ],
        [
          10.0,
          10
        ],
        [
          8.0,
          7
        ],
        [
          56.0,
          7
        ],
        [
          55.0,
          7
        ],
        [
          27.0,
          6
        ],
        [
          9.0,
          5
        ],
        [
          12.0,
          5
        ],
        [
          49.0,
          4
        ],
        [
          15.0,
          4
        ],
        [
          46.0,
          3
        ],
        [
          30.0,
          3
        ],
        [
          16.0,
          3
        ],
        [
          4.0,
          2
        ],
        [
          25.0,
          2
        ],
        [
          54.0,
          2
        ]
      ],
      "unique": 29,
      "zero_fraction": 0.085
    },
    "source_register2": {
      "count": 200,
      "max": 56.0,
      "mean": 5.695,
      "min": 0.0,
      "percentiles": {
        "0": 0.0,
        "1": 0.0,
        "100": 56.0,
        "25": 0.0,
        "5": 0.0,
        "50": 0.0,
        "75": 9.25,
        "95": 25.0,
        "99": 47.07999999999993
      },
      "std": 10.560396536115489,